user_id,credit_score,account_age_months,num_accounts,credit_utilization_pct,payment_history_pct,delinquencies,score_category,high_utilization,recent_delinquency
USER_0000,645,193,7,20.33,86.95,0,fair,0,0
USER_0001,741,204,5,46.4,73.64,0,very_good,1,0
USER_0002,774,127,9,70.47,90.92,1,very_good,1,1
USER_0003,646,217,6,16.37,76.34,0,fair,0,0
USER_0004,494,178,4,44.77,79.95,1,poor,1,1
USER_0005,850,86,2,7.77,80.01,1,excellent,0,1
USER_0006,819,118,7,51.35,93.83,1,excellent,1,1
USER_0007,850,177,1,59.97,92.22,0,excellent,1,0
USER_0008,598,177,7,43.46,79.84,1,fair,1,1
USER_0009,579,186,5,20.47,94.78,1,poor,0,1
USER_0010,575,88,1,19.13,74.87,1,poor,0,1
USER_0011,850,122,5,39.44,89.13,0,excellent,1,0
USER_0012,668,103,1,52.89,68.42,0,fair,1,0
USER_0013,698,81,4,30.0,51.13,1,good,0,1
USER_0014,792,123,4,16.83,86.24,1,very_good,0,1
USER_0015,797,61,5,45.64,82.2,0,very_good,1,0
USER_0016,835,136,9,22.01,94.67,0,excellent,0,0
USER_0017,647,183,3,30.74,93.3,0,fair,1,0
USER_0018,753,79,9,16.63,60.41,0,very_good,0,0
USER_0019,848,2,6,27.57,66.33,0,excellent,0,0
USER_0020,629,81,2,12.68,67.67,0,fair,0,0
USER_0021,697,108,5,43.78,88.19,1,good,1,1
USER_0022,773,174,5,24.56,83.79,0,very_good,0,0
USER_0023,680,26,4,45.02,82.27,1,good,1,1
USER_0024,725,81,2,64.65,93.16,0,good,1,0
USER_0025,714,80,9,50.81,31.84,0,good,1,0
USER_0026,833,32,3,28.44,95.28,0,excellent,0,0
USER_0027,815,142,8,6.41,75.85,0,excellent,0,0
USER_0028,730,80,4,5.32,77.1,0,good,0,0
USER_0029,779,164,3,24.32,94.9,1,very_good,0,1
USER_0030,850,4,9,37.45,96.65,2,excellent,1,1
USER_0031,539,145,2,12.88,62.55,1,poor,0,1
USER_0032,638,51,8,18.31,76.99,0,fair,0,0
USER_0033,747,201,6,41.04,77.81,0,very_good,1,0
USER_0034,843,24,2,27.11,59.94,0,excellent,0,0
USER_0035,748,209,7,16.82,90.45,0,very_good,0,0
USER_0036,556,108,8,63.98,93.93,0,poor,1,0
USER_0037,783,149,1,22.64,58.06,1,very_good,0,1
USER_0038,687,238,8,42.3,89.51,0,good,1,0
USER_0039,689,137,7,42.0,79.01,0,good,1,0
USER_0040,758,97,3,76.47,70.1,0,very_good,1,0
USER_0041,731,48,1,37.71,93.05,0,good,1,0
USER_0042,850,189,7,27.41,93.36,0,excellent,0,0
USER_0043,744,135,6,17.75,73.6,0,very_good,0,0
USER_0044,775,171,3,10.15,94.46,1,very_good,0,1
USER_0045,801,125,2,5.17,72.96,0,excellent,0,0
USER_0046,609,151,8,8.92,91.58,0,fair,0,0
USER_0047,656,99,4,34.2,89.77,0,fair,1,0
USER_0048,539,66,2,22.32,87.52,0,poor,0,0
USER_0049,801,135,7,61.46,89.02,0,excellent,1,0
USER_0050,664,162,6,7.12,92.44,0,fair,0,0
USER_0051,850,20,9,45.81,56.6,3,excellent,1,1
USER_0052,850,24,1,45.07,96.43,0,excellent,1,0
USER_0053,761,189,3,40.86,87.91,0,very_good,1,0
USER_0054,716,226,1,24.1,86.01,0,good,0,0
USER_0055,717,225,1,12.4,69.59,0,good,0,0
USER_0056,709,79,4,20.2,72.61,3,good,0,1
USER_0057,738,211,6,11.76,96.13,0,good,0,0
USER_0058,778,196,4,3.64,93.27,1,very_good,0,1
USER_0059,430,14,5,61.57,76.02,0,poor,1,0
USER_0060,822,98,1,0.6,62.21,2,excellent,0,1
USER_0061,677,179,8,36.14,93.38,0,good,1,0
USER_0062,706,85,9,6.37,93.26,0,good,0,0
USER_0063,551,142,6,7.47,85.5,2,poor,0,1
USER_0064,589,110,3,12.76,84.93,0,fair,0,0
USER_0065,581,171,7,24.43,87.51,0,fair,0,0
USER_0066,715,44,5,14.94,79.86,0,good,0,0
USER_0067,660,56,9,39.87,47.68,0,fair,1,0
USER_0068,735,196,1,37.24,70.71,0,good,1,0
USER_0069,802,164,9,29.86,67.21,0,excellent,0,0
USER_0070,549,117,7,14.49,84.76,0,poor,0,0
USER_0071,542,169,7,25.16,69.99,0,poor,0,0
USER_0072,564,128,7,14.23,83.86,2,poor,0,1
USER_0073,850,101,7,19.08,66.98,1,excellent,0,1
USER_0074,679,222,3,47.46,83.67,0,good,1,0
USER_0075,803,9,9,35.25,88.5,0,excellent,1,0
USER_0076,839,1,7,20.12,67.67,1,excellent,0,1
USER_0077,624,72,3,28.28,74.24,2,fair,0,1
USER_0078,821,38,6,59.79,77.94,1,excellent,1,1
USER_0079,651,64,8,25.28,73.31,1,fair,0,1
USER_0080,746,164,7,32.72,70.51,0,very_good,1,0
USER_0081,824,231,8,62.86,88.17,0,excellent,1,0
USER_0082,607,61,9,8.38,88.73,2,fair,0,1
USER_0083,750,44,9,28.25,83.62,0,very_good,0,0
USER_0084,617,28,3,22.73,81.91,0,fair,0,0
USER_0085,850,175,2,21.51,74.02,2,excellent,0,1
USER_0086,658,139,2,46.79,76.99,1,fair,1,1
USER_0087,850,193,9,43.83,49.2,1,excellent,1,1
USER_0088,612,124,6,16.44,83.77,0,fair,0,0
USER_0089,633,208,7,17.59,37.95,0,fair,0,0
USER_0090,755,88,1,15.96,92.52,0,very_good,0,0
USER_0091,838,168,3,25.69,84.5,0,excellent,0,0
USER_0092,689,74,9,17.94,77.99,2,good,0,1
USER_0093,734,65,6,17.01,63.69,0,good,0,0
USER_0094,594,232,4,36.04,83.9,0,fair,1,0
USER_0095,585,209,9,40.29,88.07,0,fair,1,0
USER_0096,561,15,9,18.91,83.03,0,poor,0,0
USER_0097,661,175,3,60.26,81.61,0,fair,1,0
USER_0098,766,237,4,30.78,86.16,1,very_good,1,1
USER_0099,850,185,9,39.08,81.09,0,excellent,1,0
USER_0100,696,4,6,24.39,81.75,0,good,0,0
USER_0101,689,111,5,50.32,83.14,2,good,1,1
USER_0102,630,37,1,39.38,79.81,0,fair,1,0
USER_0103,837,129,8,9.4,81.02,1,excellent,0,1
USER_0104,640,42,6,28.26,95.09,0,fair,0,0
USER_0105,836,198,5,5.46,65.42,1,excellent,0,1
USER_0106,651,221,1,36.91,79.28,1,fair,1,1
USER_0107,793,5,9,21.28,85.23,0,very_good,0,0
USER_0108,697,163,7,13.89,83.3,2,good,0,1
USER_0109,696,96,8,23.26,80.56,1,good,0,1
USER_0110,642,60,1,52.8,67.28,0,fair,1,0
USER_0111,705,51,2,41.4,78.78,0,good,1,0
USER_0112,797,133,8,38.25,84.28,1,very_good,1,1
USER_0113,744,37,1,16.77,73.56,0,very_good,0,0
USER_0114,850,179,5,39.32,73.75,1,excellent,1,1
USER_0115,847,43,8,15.97,84.11,0,excellent,0,0
USER_0116,736,189,6,28.41,79.59,1,good,0,1
USER_0117,579,233,9,22.95,85.02,1,poor,0,1
USER_0118,838,5,8,41.4,72.32,0,excellent,1,0
USER_0119,626,164,1,22.03,74.67,0,fair,0,0
USER_0120,850,99,7,31.56,87.72,1,excellent,1,1
USER_0121,850,34,9,16.1,84.45,2,excellent,0,1
USER_0122,706,212,6,28.78,77.23,0,good,0,0
USER_0123,672,73,9,56.6,79.07,0,good,1,0
USER_0124,632,48,2,24.16,66.19,1,fair,0,1
USER_0125,830,191,6,12.84,62.82,0,excellent,0,0
USER_0126,832,175,6,20.09,83.98,1,excellent,0,1
USER_0127,790,205,1,21.15,71.21,0,very_good,0,0
USER_0128,833,50,4,16.44,62.73,1,excellent,0,1
USER_0129,652,130,4,4.77,78.34,0,fair,0,0
USER_0130,571,156,9,36.59,73.77,1,poor,1,1
USER_0131,764,4,6,31.52,79.04,1,very_good,1,1
USER_0132,667,115,6,29.2,86.49,3,fair,0,1
USER_0133,617,2,7,20.65,81.09,1,fair,0,1
USER_0134,774,99,5,19.69,76.1,0,very_good,0,0
USER_0135,664,78,1,33.25,82.93,2,fair,1,1
USER_0136,505,141,4,36.19,87.81,0,poor,1,0
USER_0137,609,36,2,20.52,87.85,0,fair,0,0
USER_0138,585,21,7,13.87,91.8,0,fair,0,0
USER_0139,644,181,2,13.68,82.68,1,fair,0,1
USER_0140,685,154,8,33.56,80.9,0,good,1,0
USER_0141,636,131,8,38.16,49.36,1,fair,1,1
USER_0142,599,231,5,2.22,95.08,0,fair,0,0
USER_0143,780,231,9,56.61,75.1,0,very_good,1,0
USER_0144,596,217,4,31.15,56.19,0,fair,1,0
USER_0145,633,5,2,65.14,67.07,0,fair,1,0
USER_0146,567,76,1,27.52,84.4,0,poor,0,0
USER_0147,599,144,3,18.99,86.39,1,fair,0,1
USER_0148,820,8,8,13.54,91.23,0,excellent,0,0
USER_0149,617,185,5,36.86,88.61,0,fair,1,0
USER_0150,589,87,7,44.4,56.27,0,fair,1,0
USER_0151,798,21,9,15.64,84.8,0,very_good,0,0
USER_0152,568,191,7,18.07,88.34,2,poor,0,1
USER_0153,674,57,1,13.39,74.28,1,good,0,1
USER_0154,805,204,5,24.09,91.91,0,excellent,0,0
USER_0155,671,198,2,27.62,62.35,1,good,0,1
USER_0156,512,213,2,28.81,48.02,0,poor,0,0
USER_0157,667,32,7,31.22,73.9,0,fair,1,0
USER_0158,693,229,9,13.82,61.87,1,good,0,1
USER_0159,780,122,9,21.9,77.61,3,very_good,0,1
USER_0160,655,73,9,25.12,79.15,0,fair,0,0
USER_0161,642,210,5,23.6,94.17,0,fair,0,0
USER_0162,751,226,4,32.29,80.04,2,very_good,1,1
USER_0163,709,19,1,48.62,75.74,0,good,1,0
USER_0164,850,156,8,24.1,93.62,0,excellent,0,0
USER_0165,792,227,2,27.59,88.11,0,very_good,0,0
USER_0166,724,145,1,12.63,98.29,2,good,0,1
USER_0167,643,80,7,23.18,80.54,0,fair,0,0
USER_0168,847,15,7,31.45,90.95,0,excellent,1,0
USER_0169,850,146,7,38.93,96.15,0,excellent,1,0
USER_0170,737,34,9,17.38,85.53,0,good,0,0
USER_0171,675,74,5,35.66,82.48,0,good,1,0
USER_0172,703,22,4,47.95,83.63,0,good,1,0
USER_0173,666,164,5,12.23,61.16,0,fair,0,0
USER_0174,768,99,4,27.65,92.96,1,very_good,0,1
USER_0175,563,126,2,42.63,95.81,1,poor,1,1
USER_0176,787,26,6,13.15,78.37,0,very_good,0,0
USER_0177,698,140,4,27.5,87.5,0,good,0,0
USER_0178,651,228,5,44.52,98.23,0,fair,1,0
USER_0179,723,106,8,25.42,85.57,1,good,0,1
USER_0180,850,232,6,28.58,91.79,0,excellent,0,0
USER_0181,624,182,1,20.32,78.86,0,fair,0,0
USER_0182,583,183,5,49.78,93.76,0,fair,1,0
USER_0183,782,8,7,3.82,95.58,0,very_good,0,0
USER_0184,792,172,4,16.98,74.22,0,very_good,0,0
USER_0185,793,166,5,30.6,70.2,0,very_good,1,0
USER_0186,579,130,3,36.06,89.37,0,poor,1,0
USER_0187,605,112,3,32.13,74.53,0,fair,1,0
USER_0188,666,37,1,24.36,87.04,0,fair,0,0
USER_0189,747,234,7,69.71,66.05,1,very_good,1,1
USER_0190,830,90,5,7.06,97.13,0,excellent,0,0
USER_0191,688,218,9,59.73,59.81,0,good,1,0
USER_0192,746,196,7,11.72,83.79,0,very_good,0,0
USER_0193,818,179,7,23.41,65.47,0,excellent,0,0
USER_0194,818,142,8,46.93,77.41,0,excellent,1,0
USER_0195,758,174,6,15.49,48.59,0,very_good,0,0
USER_0196,808,18,7,4.99,90.53,0,excellent,0,0
USER_0197,686,37,2,15.91,98.17,0,good,0,0
USER_0198,674,122,7,33.22,81.64,0,good,1,0
USER_0199,692,154,9,34.54,65.31,0,good,1,0
USER_0200,768,107,3,33.04,83.63,0,very_good,1,0
USER_0201,781,27,3,53.04,93.65,1,very_good,1,1
USER_0202,850,81,3,30.76,85.73,0,excellent,1,0
USER_0203,788,169,4,58.43,80.69,1,very_good,1,1
USER_0204,584,233,9,53.13,90.96,0,fair,1,0
USER_0205,770,76,8,31.84,87.78,1,very_good,1,1
USER_0206,850,15,1,18.47,65.6,0,excellent,0,0
USER_0207,806,186,9,25.91,69.18,0,excellent,0,0
USER_0208,697,36,7,15.08,85.82,0,good,0,0
USER_0209,708,32,6,39.15,84.19,1,good,1,1
USER_0210,643,57,9,4.91,94.48,0,fair,0,0
USER_0211,679,208,4,37.58,56.19,1,good,1,1
USER_0212,551,183,6,35.05,94.33,0,poor,1,0
USER_0213,850,179,1,34.79,76.74,1,excellent,1,1
USER_0214,763,83,8,72.33,64.47,2,very_good,1,1
USER_0215,747,200,2,5.0,84.78,1,very_good,0,1
USER_0216,685,188,7,10.23,93.12,0,good,0,0
USER_0217,850,19,6,64.24,61.34,0,excellent,1,0
USER_0218,610,102,7,33.11,93.96,1,fair,1,1
USER_0219,756,54,9,13.13,79.83,0,very_good,0,0
USER_0220,850,127,3,32.16,82.67,1,excellent,1,1
USER_0221,802,17,3,23.69,78.16,0,excellent,0,0
USER_0222,775,218,5,49.89,86.22,1,very_good,1,1
USER_0223,784,59,6,24.38,83.94,0,very_good,0,0
USER_0224,700,15,4,24.81,84.1,0,good,0,0
USER_0225,678,239,4,14.84,78.83,0,good,0,0
USER_0226,850,20,2,11.72,92.29,0,excellent,0,0
USER_0227,850,25,6,30.27,52.79,0,excellent,1,0
USER_0228,784,74,3,29.11,42.64,0,very_good,0,0
USER_0229,787,200,3,17.22,76.74,2,very_good,0,1
USER_0230,795,126,3,5.35,80.01,2,very_good,0,1
USER_0231,648,132,7,17.98,80.61,2,fair,0,1
USER_0232,798,78,7,38.06,90.74,0,very_good,1,0
USER_0233,847,88,7,3.11,85.75,0,excellent,0,0
USER_0234,803,200,9,14.96,84.81,0,excellent,0,0
USER_0235,565,143,1,20.52,75.37,2,poor,0,1
USER_0236,578,193,6,10.6,88.07,2,poor,0,1
USER_0237,699,115,7,21.72,78.15,1,good,0,1
USER_0238,687,234,3,26.65,79.61,0,good,0,0
USER_0239,720,37,4,17.98,72.96,1,good,0,1
USER_0240,634,212,8,52.1,69.18,0,fair,1,0
USER_0241,537,142,9,24.68,60.06,0,poor,0,0
USER_0242,718,81,1,34.23,59.55,0,good,1,0
USER_0243,764,83,6,12.6,92.57,1,very_good,0,1
USER_0244,824,37,4,1.64,91.14,1,excellent,0,1
USER_0245,547,205,2,40.97,87.62,0,poor,1,0
USER_0246,790,166,1,51.08,89.74,1,very_good,1,1
USER_0247,805,180,3,33.4,73.6,0,excellent,1,0
USER_0248,592,25,8,24.73,79.62,0,fair,0,0
USER_0249,655,14,1,33.08,84.29,0,fair,1,0
USER_0250,701,148,2,15.01,96.94,0,good,0,0
USER_0251,714,175,7,6.24,87.72,0,good,0,0
USER_0252,791,66,1,46.81,80.1,0,very_good,1,0
USER_0253,596,176,5,23.67,70.39,0,fair,0,0
USER_0254,850,28,5,25.64,85.72,0,excellent,0,0
USER_0255,594,126,1,7.97,62.27,1,fair,0,1
USER_0256,728,28,2,24.95,83.16,1,good,0,1
USER_0257,850,159,1,15.44,89.54,0,excellent,0,0
USER_0258,784,46,3,35.71,85.92,1,very_good,1,1
USER_0259,698,225,7,18.45,93.33,1,good,0,1
USER_0260,788,146,3,20.15,90.13,0,very_good,0,0
USER_0261,466,223,8,17.38,81.22,1,poor,0,1
USER_0262,835,238,1,26.36,66.46,0,excellent,0,0
USER_0263,730,194,7,22.1,77.16,0,good,0,0
USER_0264,598,191,8,29.7,80.77,0,fair,0,0
USER_0265,623,91,6,29.79,73.23,2,fair,0,1
USER_0266,757,67,8,23.94,84.94,0,very_good,0,0
USER_0267,818,200,5,18.79,85.74,1,excellent,0,1
USER_0268,708,116,7,69.8,83.04,0,good,1,0
USER_0269,626,151,5,24.4,91.32,0,fair,0,0
USER_0270,725,193,8,30.53,79.27,1,good,1,1
USER_0271,695,175,2,25.48,86.97,2,good,0,1
USER_0272,576,33,6,27.93,84.53,2,poor,0,1
USER_0273,800,204,6,49.71,88.96,0,excellent,1,0
USER_0274,639,121,1,27.75,90.58,1,fair,0,1
USER_0275,492,16,2,32.5,86.8,1,poor,1,1
USER_0276,630,5,5,35.74,82.94,0,fair,1,0
USER_0277,708,175,9,20.48,77.13,0,good,0,0
USER_0278,600,178,2,31.69,86.37,0,fair,1,0
USER_0279,694,229,9,61.42,60.63,0,good,1,0
USER_0280,675,47,4,20.65,84.74,2,good,0,1
USER_0281,789,92,8,53.43,72.78,0,very_good,1,0
USER_0282,688,64,9,9.64,74.62,0,good,0,0
USER_0283,759,60,1,18.46,88.1,1,very_good,0,1
USER_0284,680,141,4,33.75,80.37,0,good,1,0
USER_0285,777,111,1,5.15,90.17,0,very_good,0,0
USER_0286,774,105,9,14.24,78.74,0,very_good,0,0
USER_0287,740,148,2,22.07,85.0,0,very_good,0,0
USER_0288,676,16,5,13.63,78.35,1,good,0,1
USER_0289,520,118,1,25.0,91.57,1,poor,0,1
USER_0290,591,73,5,17.86,81.87,5,fair,0,1
USER_0291,803,168,5,53.43,77.04,2,excellent,1,1
USER_0292,778,85,5,15.31,76.59,0,very_good,0,0
USER_0293,649,24,4,29.31,69.16,1,fair,0,1
USER_0294,762,154,3,32.4,68.71,0,very_good,1,0
USER_0295,850,35,2,22.93,76.13,0,excellent,0,0
USER_0296,776,207,2,41.44,91.82,0,very_good,1,0
USER_0297,782,166,6,32.38,59.92,1,very_good,1,1
USER_0298,850,137,6,3.86,73.97,0,excellent,0,0
USER_0299,749,100,5,11.37,80.8,0,very_good,0,0
USER_0300,614,153,4,23.87,85.02,0,fair,0,0
USER_0301,766,46,4,48.83,94.47,0,very_good,1,0
USER_0302,756,38,5,33.28,77.64,1,very_good,1,1
USER_0303,668,36,8,27.09,67.54,0,fair,0,0
USER_0304,701,196,9,25.37,77.1,1,good,0,1
USER_0305,740,218,2,25.6,98.18,0,very_good,0,0
USER_0306,809,221,3,15.84,83.61,0,excellent,0,0
USER_0307,677,96,9,35.09,71.97,0,good,1,0
USER_0308,701,75,4,18.34,84.54,0,good,0,0
USER_0309,403,224,4,11.46,90.58,2,poor,0,1
USER_0310,749,238,1,8.4,56.8,0,very_good,0,0
USER_0311,762,90,8,53.96,72.84,0,very_good,1,0
USER_0312,738,47,7,44.17,79.19,0,good,1,0
USER_0313,827,164,4,23.41,82.18,1,excellent,0,1
USER_0314,850,167,1,18.12,59.14,0,excellent,0,0
USER_0315,749,107,5,18.48,82.35,0,very_good,0,0
USER_0316,673,173,3,25.91,91.0,0,good,0,0
USER_0317,850,194,6,60.23,82.79,0,excellent,1,0
USER_0318,570,203,2,15.28,62.58,0,poor,0,0
USER_0319,567,47,9,31.55,74.51,0,poor,1,0
USER_0320,663,209,3,14.29,93.13,2,fair,0,1
USER_0321,731,7,9,31.99,93.36,1,good,1,1
USER_0322,663,76,1,19.02,85.04,0,fair,0,0
USER_0323,603,59,1,31.28,80.12,1,fair,1,1
USER_0324,791,40,6,30.65,89.03,0,very_good,1,0
USER_0325,624,214,9,29.04,80.89,0,fair,0,0
USER_0326,677,36,1,42.85,79.18,2,good,1,1
USER_0327,850,151,7,17.94,61.16,0,excellent,0,0
USER_0328,850,2,8,32.57,78.54,0,excellent,1,0
USER_0329,804,130,3,18.91,71.05,1,excellent,0,1
USER_0330,712,111,5,7.26,73.75,0,good,0,0
USER_0331,801,131,9,23.42,70.36,0,excellent,0,0
USER_0332,768,235,6,73.35,88.18,1,very_good,1,1
USER_0333,657,196,6,0.86,81.09,2,fair,0,1
USER_0334,612,111,8,33.84,71.9,0,fair,1,0
USER_0335,677,236,5,36.31,84.87,0,good,1,0
USER_0336,715,65,9,17.54,80.95,0,good,0,0
USER_0337,632,127,5,20.81,89.3,0,fair,0,0
USER_0338,734,94,6,36.73,63.2,0,good,1,0
USER_0339,745,178,3,20.78,75.52,1,very_good,0,1
USER_0340,563,185,6,24.27,52.02,0,poor,0,0
USER_0341,850,145,1,10.54,83.37,1,excellent,0,1
USER_0342,697,197,2,28.21,94.5,0,good,0,0
USER_0343,714,183,5,65.42,93.01,1,good,1,1
USER_0344,736,150,3,16.29,81.75,1,good,0,1
USER_0345,670,40,7,50.87,81.67,1,good,1,1
USER_0346,626,147,4,27.37,77.1,1,fair,0,1
USER_0347,803,197,1,24.4,91.45,0,excellent,0,0
USER_0348,739,210,2,14.8,90.47,3,good,0,1
USER_0349,601,138,3,12.44,80.33,0,fair,0,0
USER_0350,607,88,4,14.43,90.37,2,fair,0,1
USER_0351,650,94,7,14.57,66.42,1,fair,0,1
USER_0352,641,116,1,1.37,95.46,1,fair,0,1
USER_0353,566,129,1,60.27,91.39,1,poor,1,1
USER_0354,663,53,4,45.89,53.42,0,fair,1,0
USER_0355,577,23,8,13.88,76.72,0,poor,0,0
USER_0356,693,51,1,27.37,81.73,1,good,0,1
USER_0357,698,31,2,39.72,81.61,2,good,1,1
USER_0358,586,195,4,23.51,49.52,0,fair,0,0
USER_0359,823,141,1,32.29,73.19,3,excellent,1,1
USER_0360,575,9,4,31.5,85.95,0,poor,1,0
USER_0361,699,52,7,42.85,89.16,2,good,1,1
USER_0362,850,132,4,27.9,78.66,1,excellent,0,1
USER_0363,526,138,1,27.36,89.3,1,poor,0,1
USER_0364,808,158,7,63.77,66.57,1,excellent,1,1
USER_0365,658,69,4,23.43,66.01,1,fair,0,1
USER_0366,712,72,1,54.54,59.89,1,good,1,1
USER_0367,743,191,8,16.52,73.13,0,very_good,0,0
USER_0368,656,95,7,22.18,69.06,0,fair,0,0
USER_0369,796,45,2,33.41,59.3,0,very_good,1,0
USER_0370,850,74,6,20.2,82.75,2,excellent,0,1
USER_0371,617,180,4,10.22,77.98,0,fair,0,0
USER_0372,776,130,2,63.33,74.64,1,very_good,1,1
USER_0373,700,150,5,34.22,78.5,0,good,1,0
USER_0374,850,153,9,19.02,91.03,1,excellent,0,1
USER_0375,756,49,9,18.42,50.05,1,very_good,0,1
USER_0376,515,12,5,23.41,82.02,1,poor,0,1
USER_0377,692,177,2,17.27,84.99,0,good,0,0
USER_0378,707,36,9,3.56,86.58,0,good,0,0
USER_0379,761,214,8,13.3,81.33,0,very_good,0,0
USER_0380,835,97,7,36.73,82.04,0,excellent,1,0
USER_0381,647,186,7,10.43,79.72,0,fair,0,0
USER_0382,730,77,2,42.86,75.87,0,good,1,0
USER_0383,730,97,5,34.24,86.44,2,good,1,1
USER_0384,585,200,5,8.68,92.47,1,fair,0,1
USER_0385,837,10,5,13.77,93.33,0,excellent,0,0
USER_0386,632,232,8,16.15,83.73,0,fair,0,0
USER_0387,748,55,3,47.9,67.23,0,very_good,1,0
USER_0388,416,56,8,23.25,50.5,1,poor,0,1
USER_0389,500,139,6,26.52,82.25,1,poor,0,1
USER_0390,637,223,9,16.54,87.42,1,fair,0,1
USER_0391,767,220,9,38.0,82.98,0,very_good,1,0
USER_0392,800,198,2,45.93,81.61,0,excellent,1,0
USER_0393,482,195,9,25.35,63.35,1,poor,0,1
USER_0394,702,89,1,23.74,95.14,1,good,0,1
USER_0395,465,33,4,47.61,92.88,0,poor,1,0
USER_0396,620,109,6,19.42,89.8,0,fair,0,0
USER_0397,823,136,4,43.99,88.45,0,excellent,1,0
USER_0398,571,21,8,16.76,79.42,1,poor,0,1
USER_0399,688,11,3,12.55,88.81,0,good,0,0
USER_0400,765,145,3,56.23,75.95,2,very_good,1,1
USER_0401,768,213,3,30.32,87.03,0,very_good,1,0
USER_0402,669,94,4,37.48,89.52,1,fair,1,1
USER_0403,775,133,1,2.9,90.42,0,very_good,0,0
USER_0404,742,26,9,20.19,89.26,0,very_good,0,0
USER_0405,783,239,9,34.57,94.9,0,very_good,1,0
USER_0406,624,174,2,44.37,87.21,5,fair,1,1
USER_0407,711,61,7,23.95,87.56,0,good,0,0
USER_0408,644,3,8,8.65,75.74,1,fair,0,1
USER_0409,708,223,1,36.91,89.78,0,good,1,0
USER_0410,757,22,7,35.42,91.97,0,very_good,1,0
USER_0411,796,169,8,32.15,97.06,1,very_good,1,1
USER_0412,692,164,6,23.78,91.75,1,good,0,1
USER_0413,711,4,3,42.14,85.65,0,good,1,0
USER_0414,777,103,2,43.58,78.13,0,very_good,1,0
USER_0415,691,36,6,45.06,91.18,1,good,1,1
USER_0416,821,234,2,16.37,92.22,0,excellent,0,0
USER_0417,836,218,4,15.53,92.95,1,excellent,0,1
USER_0418,683,169,2,22.81,61.16,0,good,0,0
USER_0419,725,193,3,9.08,90.45,0,good,0,0
USER_0420,727,101,4,16.89,81.63,1,good,0,1
USER_0421,582,86,8,2.8,71.35,0,fair,0,0
USER_0422,721,150,4,51.32,64.58,0,good,1,0
USER_0423,706,167,9,15.83,74.36,0,good,0,0
USER_0424,850,18,5,20.72,94.64,1,excellent,0,1
USER_0425,612,18,5,21.59,78.33,0,fair,0,0
USER_0426,684,215,6,0.55,73.23,0,good,0,0
USER_0427,829,121,6,6.66,91.5,0,excellent,0,0
USER_0428,644,195,4,12.73,83.87,0,fair,0,0
USER_0429,649,63,4,38.09,76.4,1,fair,1,1
USER_0430,789,205,4,12.38,98.33,0,very_good,0,0
USER_0431,606,184,6,32.36,77.44,0,fair,1,0
USER_0432,802,117,5,22.95,88.76,1,excellent,0,1
USER_0433,508,108,7,21.67,92.4,0,poor,0,0
USER_0434,614,148,8,16.12,57.92,0,fair,0,0
USER_0435,745,143,9,32.02,39.62,0,very_good,1,0
USER_0436,715,135,9,46.75,79.31,0,good,1,0
USER_0437,831,106,4,30.77,95.87,0,excellent,1,0
USER_0438,850,117,7,60.16,95.99,0,excellent,1,0
USER_0439,724,98,3,4.48,87.24,1,good,0,1
USER_0440,817,227,8,14.23,78.38,1,excellent,0,1
USER_0441,742,222,8,28.48,71.36,0,very_good,0,0
USER_0442,762,84,1,33.3,79.01,0,very_good,1,0
USER_0443,726,17,9,30.96,68.93,2,good,1,1
USER_0444,651,132,5,59.86,75.21,0,fair,1,0
USER_0445,850,219,9,21.33,77.81,0,excellent,0,0
USER_0446,616,186,2,15.01,63.64,1,fair,0,1
USER_0447,615,83,6,38.58,69.68,1,fair,1,1
USER_0448,773,43,5,19.79,77.09,0,very_good,0,0
USER_0449,670,128,2,3.74,80.45,0,good,0,0
USER_0450,739,221,8,55.46,80.48,1,good,1,1
USER_0451,850,49,7,17.98,92.2,1,excellent,0,1
USER_0452,735,116,2,62.26,95.49,0,good,1,0
USER_0453,685,95,6,6.71,83.38,1,good,0,1
USER_0454,696,37,2,37.08,83.88,1,good,1,1
USER_0455,527,89,2,16.42,58.75,1,poor,0,1
USER_0456,744,128,4,56.92,84.61,0,very_good,1,0
USER_0457,611,45,8,15.07,77.99,1,fair,0,1
USER_0458,725,233,2,52.31,73.75,1,good,1,1
USER_0459,628,26,6,53.92,77.63,2,fair,1,1
USER_0460,649,104,7,42.71,79.62,0,fair,1,0
USER_0461,645,80,7,15.61,93.2,1,fair,0,1
USER_0462,743,9,6,8.71,63.07,0,very_good,0,0
USER_0463,647,170,1,20.38,95.75,0,fair,0,0
USER_0464,705,16,3,15.73,89.51,0,good,0,0
USER_0465,655,121,1,10.66,89.8,1,fair,0,1
USER_0466,711,154,6,15.84,73.66,0,good,0,0
USER_0467,623,122,5,21.5,95.67,0,fair,0,0
USER_0468,850,226,9,20.18,71.45,0,excellent,0,0
USER_0469,585,192,5,31.4,96.42,0,fair,1,0
USER_0470,678,25,8,35.08,92.99,0,good,1,0
USER_0471,741,34,3,37.79,58.67,0,very_good,1,0
USER_0472,821,171,6,28.85,91.88,0,excellent,0,0
USER_0473,583,173,1,27.96,71.91,0,fair,0,0
USER_0474,802,137,8,42.96,73.79,0,excellent,1,0
USER_0475,798,180,1,15.21,86.91,0,very_good,0,0
USER_0476,785,82,4,40.99,86.35,0,very_good,1,0
USER_0477,643,227,1,2.81,90.88,1,fair,0,1
USER_0478,725,239,2,7.14,71.14,2,good,0,1
USER_0479,748,236,3,41.52,90.45,0,very_good,1,0
USER_0480,694,119,4,56.8,78.95,0,good,1,0
USER_0481,647,9,3,0.48,83.17,1,fair,0,1
USER_0482,563,121,4,9.78,75.26,1,poor,0,1
USER_0483,741,47,4,55.14,96.26,1,very_good,1,1
USER_0484,713,223,2,48.97,89.37,2,good,1,1
USER_0485,673,78,7,30.5,77.46,0,good,1,0
USER_0486,667,197,8,42.71,88.91,0,fair,1,0
USER_0487,606,134,4,6.23,71.94,2,fair,0,1
USER_0488,645,126,1,24.14,88.69,0,fair,0,0
USER_0489,606,58,8,38.83,96.95,1,fair,1,1
USER_0490,585,44,4,35.7,77.47,0,fair,1,0
USER_0491,846,61,5,15.71,62.17,1,excellent,0,1
USER_0492,776,37,7,12.69,83.07,0,very_good,0,0
USER_0493,847,222,8,6.78,64.64,0,excellent,0,0
USER_0494,748,49,2,32.05,87.23,0,very_good,1,0
USER_0495,821,189,3,22.23,95.39,3,excellent,0,1
USER_0496,850,126,2,63.09,62.94,0,excellent,1,0
USER_0497,712,12,4,27.14,93.58,1,good,0,1
USER_0498,679,204,7,10.19,91.77,0,good,0,0
USER_0499,712,160,1,59.01,91.15,1,good,1,1
